keys,en,br,es,pr
,,,,
DISCLAIMER1,"This is a free fangame.

It is not affiliated, associated, authorized, endorsed or in any way officially connected with Capcom or any of it's subsidiaries or it's affiliates.

Mega Man X is a property of Capcom.
Please support the official release!","Este jogo é um fangame gratuito.

Ele não é afiliado, associado, autorizado, aprovado ou oficialmente conectado com a Capcom ou qualquer uma de suas subsidiárias.

Mega Man X é propriedade da Capcom.
Apoie os jogos oficiais!",,"Este jogo é um fangame gratuito.

Ele não é afiliado, associado, autorizado, aprovado ou oficialmente conectado com a Capcom ou qualquer uma de suas afiliadas.

Mega Man X é propriedade da Capcom.
Apoie os jogos oficiais!"
MADE_BY,A solo project by,Um projeto solo por,,A poha toda feita por:
,,,,
INSPIRED_BY,Inspired by,Inspirado pela,Inspirado por,Inspirado pela
GAME_START,GAME  START,INICIAR JOGO,INICIAR JUEGO,COMEÇAR ESSA PORRA
OPTIONS_START,OPTION MODE,MODO OPÇÕES,MODO DE OPCIONES,MEXER NUNS TRECO
KEYCFG_START,KEY  CONFIG,CONTROLES,CONFIGURAR CONTROLES,CONTROLE ZOADO
,,,,
KEYCFG_ABV,KEYCFG,CONFIG,CONFIG,CONFIG
OPTIONS_ABV,OPTIONS,OPÇÕES,OPCIONES,OPÇÕES
TANK_ABV,SUB.T,SUB.T,SUB.T,SUB.T
X_WPNMENU,X. Buster,X. Buster,X. Buster,
SUNFLOWER_WPNMENU,O. Shield,O. Shield,O. Shield,
ANTONION_WPNMENU,S. Bomb,S. Bomb,S. Bomb,
MANTIS_WPNMENU,D. Arrow,D. Arrow,D. Arrow,
MANOWAR_WPNMENU,T. Dancer,T. Dancer,T. Dancer,
PANDA_WPNMENU,B. Launcher,B. Launcher,B. Launcher,
TRILOBYTE_WPNMENU,C. Bouncer,C. Bouncer,C. Bouncer,
YETI_WPNMENU,D. Diamond,D. Diamond,D. Diamond,
ROOSTER_WPNMENU,F. Dash,F. Dash,F. Dash,
,,,,
YOUGOT_TITLE,You get,Você obteve,Obtienes,
SUNFLOWER_WEAPON,Optic Shield,,,
ANTONION_WEAPON,Squeeze Bomb,,,
MANTIS_WEAPON,Dark Arrow,,,
MANOWAR_WEAPON,Thunder Dancer,,,
PANDA_WEAPON,Blast Launcher,,,
TRILOBYTE_WEAPON,Crystal Bouncer,,,
YETI_WEAPON,Drift Diamond,,,
ROOSTER_WEAPON,Fire Dash,,,
,,,,
OPTIONS_TITLE,OPTIONS,OPÇÕES,OPCIONES,CUIDADO PRA NÃO ZOAR
DT_DASH_OPTION,Double tap dash,Dash 2x pra frente,2x toque para deslizar,Isso n é jogo de luta carai
CHARGE_OPTION,Charge fade out,Som Carregar Gradual,Sonido de Carga Gradual,ficar doido com charge
MUSIC_OPTION,Music Volume,Volume da Música,Volumen de la Música,Pôe no máximo
SOUND_OPTION,Sound Volume,Volume dos Sons,Volumen de los Sonidos,Zoada
FPS_OPTION,Target FPS,FPS Alvo,FPS Objetivo,Seu PC não tanka
WSIZE_OPTION,Window Size,Tamanho da Janela,Tamaño de la Ventana,Deixar grandão
FULLSCREEN_OPTION,Fullscreen,Tela Cheia,Pantalla Completa,Cobrir tudo
DEBUG_OPTION,Show Debug,Mostrar Debug,Mostrar Depuracion,Já vai cheatar né
CLEARSAVE_OPTION,Clear save game and reset,Deletar Jogo Salvo e Resetar,Borrar Juego Guardado y Reiniciar,Apagar a poha toda
CLEARSAVE_CONFIRM,Press again to confirm,Pressione novamente para confirmar,Presiona Nuevamente Para Confirmar,Pressione novamente para confirmar
ON_VALUE,ON,Ativo,ON,Ativo
OFF_VALUE,OFF,Desl.,OFF,Desl.
LANGUAGE_OPTION,Language,Idioma,Idioma,Lingua
SKIP_DIAG_OPTION,Skippable Dialogs,Diálogos Puláveis,,
CRT_OPTION,CRT Filter,Filtro CRT,,
LIGHT_VALUE,Light,Leve,,
STRONG_VALUE,Strong,Forte,,
ACHIEV_OPTION,Show Achievements,Mostrar Conquistas,,
RESET_ACHIEV,Clear Achievements Progress,Apagar Progresso Conquistas,,
RESET_ACHIEV_FINISHED,Achivements Progress Cleared.,Progresso Conquistas Apagado.,,
,,,,
,,,,
KEYCFG_TITLE,KEY CONFIG,CONFIGURAÇÃO DE BOTÕES,CONFIGURACIÓN DE BOTONES,DEIXA O DASH NO A
ACTION_CTG,Action,Ação,Acción,Ação
KEYBOARD_CTG,Keyboard,Teclado,Teclado,Teclado
JOYPAD_CTG,Joypad,Controle,Joystick,Controle
,,,,
LEFT_ACT,left,esquerda,Izquierda,esquerda
RIGHT_ACT,right,direita,Derecha,direita
UP_ACT,up,cima,Arriba,cima
DOWN_ACT,down,baixo,Abajo,baixo
SHOT_ACT,shot,tiro,Disparo,tiro
SHOT2_ACT,shot2,tiro2,Disparo2,tiro2
JUMP_ACT,jump,pulo,Salto,pulo
DASH_ACT,dash,dash,Dash,dash
PREV_ACT,prev weapon,arma anterior,Arma Anterior,arma anterior
NEXT_ACT,next weapon,proxima arma,Arma Siguiente,proxima arma
PAUSE_ACT,pause menu,pausar,Pausar,pausar
CONFIRM_ACT,menu confirm,confirmar,Confirmar,confirmar
,,,,
ARMORABILITY_ACT,armor ability,ataque esp.,,
WPNLEFT_ACT,wheel left,roda esq.,,
WPNRIGHT_ACT,wheel right,roda dir.,,
WPNUP_ACT,wheel up,roda cima,,
WPNDOWN_ACT,wheel down,roda baixo,,
WPNRESET_ACT,select buster,selec. Buster,,
,,,,
,,,,
ARMORSETUP_TITLE,Armor Setup,Armadura,Armadura,Fashion Souls
LOADOUT_DISC,Choose your loadout.,Escolha sua armadura,Elige Tu Armadura,3 por 15
EXIT_BUTTON,Exit,Sair,Salir,Vazar
,,,,
STAGE_DC,Stage,Fase,Nivel,Engenho
BOSS_DC,Boss,Chefe,Jefe,Capitão do Mato
COMPLETION_DC,Completed,Concluído,,Paradas Pegadas
SUNFLOWER_STAGE,Troia Base,Base Troia,Base de Troia,Anta Gorda
ANTONION_STAGE,Primrose,Laboratório Primula,Primavera,Chorrochó
MANTIS_STAGE,Pitch Black,Arsenal Soturno,Oscuridad Total,Santa Rita do Passa Quatro
MANOWAR_STAGE,Dynasty,Usina Dinastia,Dinastía,Marginal do Tietê
PANDA_STAGE,Booster Forest,Floresta Ergânica,Bosque de Booster,Paudalho
TRILOBYTE_STAGE,Metal Valley,Vale do Metal,Valle de Metal,Caucaia
YETI_STAGE,Central White,Central Alva,Central Blanca,Trombudo Central
ROOSTER_STAGE,Inferno,Incinerador Inferno,Infierno,Favela do Gato Morto
,,,,
JAKOB_STAGE,Jakob Elevator,Elevador Orbital Jakob,Elevador Orbital Jakob,Morro do Papagaio
GATEWAY_STAGE,Gateway,Satélite de Acesso,Punto de Entrada,Arroio dos Ratos
SIGMA_STAGE,Sigma Palace,Palácio Lunar Sigma,Palacio de Sigma,Rolândia
,,,,
SUNFLOWER_NAME,Optic Sunflower,Optic Sunflower,,Óleo de Girassol
ANTONION_NAME,Gravity Antonion,Gravity Antonion,,Toninho Tanajura
MANTIS_NAME,Dark Mantis,Dark Mantis,,João Grilo
MANOWAR_NAME,Gigabolt Manowar,Gigabolt Manowar,,Geléia Manauara
PANDA_NAME,Bamboo Pandamonium,Bamboo Pandamonium,,E o Bambú?
TRILOBYTE_NAME,Earthrock Trilobyte,Earthrock Trilobyte,,Tatuzinho de Jardim
YETI_NAME,Avalanche Yeti,Avalanche Yeti,,Aval Lanches e Vet.
ROOSTER_NAME,Burn Rooster,Burn Rooster,,Frango de Padaria
,,,,
,,,,
,,,,
,,,,
,,,,
,,,,
HERMESHEAD_NAME,Head Parts H,Head Parts H,Parte de Cabeza H,
HERMESHEAD_DISC,Charges faster.,Carregamento de tiro mais rápido.,Carga más rápido.,
HERMESBODY_NAME,Body Parts H,Body Parts H,Parte de Cuerpo H,
HERMESBODY_DISC,Buster hits heal damage taken.,Acertar Buster cura dano tomado.,Los golpes del Buster curan el daño recibido,
HERMESARMS_NAME,Buster Parts H,Buster Parts H,Partes de Cañon H,
HERMESARMS_DISC,Weapon shots consume no ammo.,Tiros de Arma não gastam munição.,Los disparos del Arma no consumen munición,
HERMESLEGS_NAME,Foot Parts H,Foot Parts H,Parte de Botas H,
HERMESLEGS_DISC,Ground dash is immune to damage,Dash no chão é imune a dano.,Deslizamiento por el suelo es inmune al daño,
,,,,
DEFAULTHEAD_NAME,Default Head,Capacete Padrão,Casco Estandar,
DEFAULTHEAD_DISC,Default part.,Parte padrão.,Parte Estandar,
DEFAULTBODY_NAME,Defaul Body,Peitoral Padrão,Peto Estandar,
DEFAULTBODY_DISC,Default part.,Parte padrão.,Parte Estandar,
DEFAULTARMS_NAME,Default Buster,Canhão Padrão,Cañón Estandar,
DEFAULTARMS_DISC,Default part.,Parte padrão.,Parte Estandar,
DEFAULTLEGS_NAME,Default Foot,Botas Padrão,Botas Estandar,
DEFAULTLEGS_DISC,Default part. Can air dash.,Parte padrão. Dash aéreo.,Parte Estandar. Dash Aéreo,
,,,,
ICARUSHEAD_NAME,Head Parts I,,Parte de Cabeza I,
ICARUSHEAD_DISC,Creates damaging area during jump,Pulo causa dano em inimigos.,Crea un área dañina durante el salto,
ICARUSARMS_NAME,Buster Parts I,,Parte de Cuerpo I,
ICARUSARMS_DISC,Charged shots consume no ammo.,Carregados não gastam munição.,Tiros cargados no consumen munición,
ICARUSLEGS_NAME,Foot Parts I,,Partes de Cañon I,
ICARUSLEGS_DISC,Can double jump and air dash.,Pulo duplo e Dash aéreo.,Doble salto y Dash aéreo,
ICARUSBODY_NAME,Body Parts I,,Parte de Botas I,
ICARUSBODY_DISC,Immune to knockback.,Não é empurrado ao tomar dano.,Inmune al empujo al recibir daño,
,,,,
HERMESBODY1,"X... I thought something like this might happen someday, so I've prepared parts for you.","X... Imaginei que algo assim poderia acontecer, então preparei partes para você.","X... Pensé que algo así podría suceder algún día, así que he preparado partes para ti.",
HERMESBODY2,Here... Try Body Parts H.,Aqui está... Este peitoral chama-se Body Parts H.,Toma...  Este peto es la Parte de Cuerpo H.,
HERMESBODY3,"With this part equipped, you will be able to heal damage taken by hitting or destroying enemies.",Com esta parte equipada você será capaz de recuperar vida ao acertar um inimigo logo após receber dano.,"Con esta parte equipada, podrás curar el daño recibido golpeando o destruyendo enemigos con tu Buster",
HERMESBODY4,"Board the capsule to equip this new ability, X.","Entre na cápsula para equipar esta nova habilidade, X.","Entra a la cápsula para equipar esta nueva habilidad, X.",
,,,,
HERMESARMS1,"X... I thought something like this might happen someday, so I've prepared parts for you.","X... Imaginei que algo assim poderia acontecer, então preparei partes para você.","X... Pensé que algo así podría suceder algún día, así que he preparado partes para ti.",
HERMESARMS2,"Here, try these Buster Parts H.",Teste esse canhão... Buster Parts H.,"Toma, prueba estas Partes de Cañon H.",
HERMESARMS3,Equipping this part will grant you a Spread Shot Charge Attack.,Equipar esta parte lhe dará acesso a um poderoso Tiro Carregado que se propaga em três direções.,"Al equipar esta parte, obtendrás un Ataque Cargado de Disparo Amplio.",
HERMESARMS4,"Your weapons will also not consume energy when fired, except when you perform a Charge Shot.","Além disso, suas Armas não consomem energia quando disparadas, exceto quando você usar um Tiro Carregado.","Tus armas tampoco consumirán energía al disparar, excepto cuando realices un Disparo Cargado.",
HERMESARMS5,"Board the capsule to equip this new ability, X.","Entre na cápsula para equipar esta nova habilidade, X.","Entra a la cápsula para equipar esta nueva habilidad, X.",
,,,,
HERMESLEGS1,"X... I thought something like this might happen someday, so I've prepared parts for you.","X... Imaginei que algo assim poderia acontecer, então preparei partes para você.","X... Pensé que algo así podría suceder algún día, así que he preparado partes para ti.",
HERMESLEGS2,Try out these Foot Parts H.,Teste essas botas... Foot Parts H.,"Toma, prueba estas Parte de Botas H.",
HERMESLEGS3,"It will grant your dash invincibility to enemy attacks, but only while on the ground.",Elas lhe concederão invencibilidade total a ataques inimigos durante o Dash no chão.,"Durante el Dash te dara invencibilidad contra los ataques enemigos, pero solo mientras estés en el suelo.",
HERMESLEGS4,"Board the capsule to equip this new ability, X.","Entre na cápsula para equipar esta nova habilidade, X.","Entra a la cápsula para equipar esta nueva habilidad, X.",
,,,,
HERMESHEAD1,"X... I thought something like this might happen someday, so I've prepared parts for you.","X... Imaginei que algo assim poderia acontecer, então preparei partes para você.","X... Pensé que algo así podría suceder algún día, así que he preparado partes para ti.",
HERMESHEAD2,"This time, I want you to try Head Parts H.","Desta vez, quero que teste este capacete... Head Parts H.","Esta vez, quiero que pruebes la Parte de Cabeza H.",
HERMESHEAD3,This part will increase your weapons' charge speed when equipped.,Este capacete irá acelerar o tempo de carregamento da sua Buster.,Esta casco aumentará la velocidad de carga de tu Buster cuando esté equipado.,
HERMESHEAD4,"Board the capsule to equip this new ability, X.","Entre na cápsula para equipar esta nova habilidade, X.","Entra a la cápsula para equipar esta nueva habilidad, X.",
,,,,
ICARUSBODY1,"X... I thought something like this might happen someday, so I've prepared parts for you.","X... Imaginei que algo assim poderia acontecer, então preparei partes para você.","X... Pensé que algo así podría suceder algún día, así que he preparado partes para ti.",
ICARUSBODY2,"This time, I want you to try out Body Parts I.","Desta vez, quero que teste este peitoral... Body Parts I.","Esta vez, quiero que pruebes las Partes de Cuerpo I.",
ICARUSBODY3,"If you equip this, you will take less damage than you normally would, and enemies will not be able to knock you back.",Se você equipar esta parte receberá menos dano do que o normal e inimigos não poderão lhe empurrar.,"Si equipas esto, recibirás menos daño de lo que normalmente harías, y los enemigos no podrán empujarte hacia atrás.",
ICARUSBODY4,"Board the capsule to equip this new ability, X.","Entre na cápsula para equipar esta nova habilidade, X.","Entra a la cápsula para equipar esta nueva habilidad, X.",
,,,,
ICARUSARMS1,"X... I thought something like this might happen someday, so I've prepared parts for you.","X... Imaginei que algo assim poderia acontecer, então preparei partes para você.","X... Pensé que algo así podría suceder algún día, así que he preparado partes para ti.",
ICARUSARMS2,I have new parts for you... They're Buster Parts I.,Tenho um novo canhão para você... Buster Parts I.,Tengo nuevas partes para ti... Partes de Cañon I.,
ICARUSARMS3,"Equip this part, and you'll gain the ability to fire a powerful Laser Charge Shot.",Equipando esta parte você ganhará a habilidade de atirar um poderoso Tiro Carregado em forma de laser.,Equipa esta parte y obtendrás la habilidad de disparar un potente Disparo Cargado de Láser.,
ICARUSARMS4,"Also, your weapons' Charge Shot will not consume any energy.","Além disso, seus Tiros Carregados não irão consumir energia.","Además, el Disparo Cargado de tus armas no consumirá energía.",
ICARUSARMS5,"Board the capsule to equip this new ability, X.","Entre na cápsula para equipar esta nova habilidade, X.","Entra a la cápsula para equipar esta nueva habilidad, X.",
,,,,
ICARUSLEGS1,"X... I thought something like this might happen someday, so I've prepared parts for you.","X... Imaginei que algo assim poderia acontecer, então preparei partes para você.","X... Pensé que algo así podría suceder algún día, así que he preparado partes para ti.",
ICARUSLEGS2,These new parts... They're Foot Parts I.,"Desta vez, tenho botas para você... Foot Parts I.",Prueba estas nuevas partes... Parte de Botas I.,
ICARUSLEGS3,Equip this part to be able to jump again while in the air and air dash twice.,Elas lhe concederão a habilidade de pular novamente no ar e usar o seu Dash aéreo duas vezes.,Estas partes te daran la habilidad de saltar una vez mas en el aire y podras usar el Dash 2 veces.,
ICARUSLEGS4,"Board the capsule to equip this new ability, X.","Entre na cápsula para equipar esta nova habilidade, X.","Entra a la cápsula para equipar esta nueva habilidad, X.",
,,,,
ICARUSHEAD1,"X... I thought something like this might happen someday, so I've prepared parts for you.","X... Imaginei que algo assim poderia acontecer, então preparei partes para você.","X... Pensé que algo así podría suceder algún día, así que he preparado partes para ti.",
ICARUSHEAD2,Here you are... Head Parts I.,Tome este capacete... Head Parts I.,Aqui tienes... Parte de Cabeza I.,
ICARUSHEAD3,"With this part equipped, you will cause damage to enemies by jumping near them.",Com esta parte equipada você causará dano ao pular próximo de inimigos.,"Con esta parte equipada, causarás daño a los enemigos al saltar cerca de ellos.",
ICARUSHEAD4,"Board the capsule to equip this new ability, X.","Entre na cápsula para equipar esta nova habilidade, X.","Entra a la cápsula para equipar esta nueva habilidad, X.",
,,,,
VILE1-1,Vile!,Vile!,Vile!,
VILE1-2,Where have you taken Lumine? Do you plan to hinder the Jakob Project?,Para onde você levou Lumine? Você pretende impedir o Projeto Jakob?,Dónde has llevado a Lumine? ¿Planeas obstaculizar el Proyecto Jakob?,
VILE1-3,"Reunited after all this time apart, and all you do is bombard me with questions?",Tanto tempo separados e agora que estamos juntos só o que você faz é me encher de perguntas?,"¡Reunidos después de tanto tiempo separados, y todo lo que haces es bombardearme con preguntas!",
VILE1-4,Don't worry about our little friend. Lumine is being taken care of. Ha ha ha…,"Não se preocupe, X... Lumine está em boas mãos. Ha ha ha...",No te preocupes por nuestra pequeña Lumine. Estamos cuidándola muy bien. Ja ja ja...,
VILE1-5,The Orbital Elevator is too important to us to hurt the one who operates it.,O Elevador Orbital é importante demais para machucarmos quem o opera.,El Elevador Orbital es muy importante para nosotros como para hacerle daño a quien lo opera.,
VILE1-6,Don't you know what you're doing?,Você não sabe o que está fazendo?,¿No sabes lo que estás haciendo?,
VILE1-7,The Jakob Project is an important joint venture between humans and reploids!,O Projeto Jakob é uma importante colaboração entre humanos e Reploids!,¡El Proyecto Jakob es un importante proyecto entre Humanos y Reploides!,
VILE1-8,"Chill out, X...","Relaxa, X...","Tranquilizate, X...",
VILE1-9,"Let's enjoy this little reunion, OK?","Vamos curtir nosso momento juntos, OK?","Disfrutemos de nuestra pequeña reunion, OK?",
,,,,
VILE2-1,Vile!,Vile!,Vile!,
VILE2-2,I'm through chasing you down. Let Lumine go. Now!,Cansei de perseguir você. Liberte Lumine. Agora!,Me cansé de perseguirte. ¡Deja ir a Lumine. Ahora!,
VILE2-3,"Ha ha ha... Lumine? Always the positive thinker, aren't you?","Ha ha ha... Lumine? Sempre pensando positivo, né?","Ja ja ja... ¿Lumine? Siempre el pensador positivo, ¿Verdad?",
VILE2-4,"Look around you, fool! Your world has already begun to crumble!  Are you so dim as to think you're in a position to make demands?","Olhe a sua volta, idiota! Seu mundo já começou a desmoronar e você ainda pensa que pode fazer exigências?","¡Mira a tu alrededor, idiota! ¡Tu mundo ya ha comenzado a desmoronarse! ¿Eres tan tonto como para pensar que estás en posición de hacer demandas?",Parece que é abestado
VILE2-5,The world as you know it? Mavericks? Kiss it all goodbye!,O mundo que você conhecia? Mavericks? Pode dar adeus a tudo isso!,¿El mundo tal como lo conoces? ¿Mavericks? ¡Dile adiós a todo eso!,
VILE2-6,"Mayhem, doom and destruction! That's what we were built for!","Caos, ruína e desespero! Foi para isso que fomos construídos!","¡Caos, destrucción y ruina! ¡Para eso fuimos construidos!",
,,,,
ANTONION1,Gravity Antonion... You used to be an incredible scientist. What happened?,Gravity Antonion... Você costumava ser um incrível cientista. O que aconteceu?,Gravity Antonion... Solías ser un científico increíble. ¿Qué sucedio?,
ANTONION2,Incredible scientist? Who are you to say such things?,Incrível cientista? Quem é você pra dizer isso?,¿Científico increíble ? ¿Quién eres tú para decir tales cosas?,
ANTONION3,I don't pursue my research just to earn praise from the likes of you.,Eu não realizo minha pesquisa para ganhar elogios de gente como você.,No realizo mi investigación solo para ganar elogios de alguien como tú.,
ANTONION4,Did he... Did Sigma make you go Maverick?,Será que... Sigma te transformou em um Maverick?,¿Acaso el... Sigma te hizo volverte Maverick?,
ANTONION5,"Maverick? Once again, you attach labels to me. What arrogance!",Maverick? Mais uma vez você tenta me rotular. Quanta arrogância!,"¿Maverick? Una vez más, intentas catalogarme. ¡Qué arrogancia!",
ANTONION6,"At any rate, if you choose to stand in my way, I'll destroy you!","De qualquer forma, se você escolher se por no meu caminho eu irei lhe destruir!","De cualquier forma, si eliges interponerte en mi camino, ¡Te destruiré!",
,,,,
MANOWAR1,Gigabolt Manowar! ,Gigabolt Manowar! ,Gigabolt Manowar!,
MANOWAR2,"Return Abel City's energy supply to normal! If you don't, the city will be destroyed!","Retorne o suprimento de energia de Abel City ao normal! Se não, a cidade será destruida!","¡Devuelve el suministro de energía de Abel City a la normalidad! ¡Si no lo haces, la ciudad será destruida!",
MANOWAR3,... ... ...,... ... ...,... ... ...,
MANOWAR4,"...I'm not doing anything wrong... Who are you, anyway?",...Eu não estou fazendo nada de errado... Quem é você?,"...No estoy haciendo nada malo... ¿Quién eres tú, de todos modos?",quem é vc na fila do pão
MANOWAR5,I'm Mega Man X. I'm a Maverick Hunter.,Eu sou Mega Man X. Sou um Caçador de Mavericks.,"Yo soy Mega Man X, un  Cazador de Mavericks.",
MANOWAR6,Has Sigma made you go Maverick?,Me responda... Sigma fez você se tornar um Maverick?,¿Sigma te ha convertido en un Maverick?,
MANOWAR7,I'm no Maverick... I'm in complete control of myself and my actions...,Eu não sou um Maverick... Estou no controle das minhas próprias ações...,Yo no soy un Maverick... Tengo completo control de mí mismo y mis acciones...,
MANOWAR8,I'm working hard to realize our dream of a new world...!,Eu estou trabalhando duro para realizar nosso sonho de um novo mundo...!,¡Estoy trabajando muy duro para hacer realidad nuestro sueño de un mundo nuevo...!,
MANOWAR9,You've gone Maverick! I'll have to stop you!,Você se tornou um Maverick! Vou ter que te impedir!,¡Te has vuelto Maverick! ¡Tendré que detenerte!,
,,,,
MANTIS1,Hey! What's a Maverick Hunter doing here?,Ei! O que um Caçador de Mavericks está fazendo aqui?,¡Oye! ¿Qué hace un Cazador de Mavericks aquí?,
MANTIS2,Dark Mantis... You've gone Maverick. I'm putting an end to your weapons production.,Dark Mantis. Você é um Maverick. Estou pondo um fim a sua produção de armas.,Dark Mantis... Te has vuelto Maverick. Le pondre fin a tu producción de tus armas.,Esperança preta
MANTIS3,"We new generation Reploids are designed so that we can't go Maverick, kid.","Nós Reploids de Nova Geração fomos criados de forma que não podemos nos tornar Mavericks, garoto.","Nosotros los Reploids de nueva generación, estamos diseñados para que no podamos volvernos Maverick, chico.",
MANTIS4,Then why are you making weapons? Is Sigma controlling you?,Então por que você está fabricando armas? Sigma está te controlando?,"Entonces, ¿por qué estás fabricando armas? ¿Sigma te está controlando?",
MANTIS5,"And what exactly is controlling you, X? Your precious ""justice""? Is that it?","E o que está controlando você, X? Sua preciosa ""justiça""? É isso?","¿Y qué es exactamente lo que te controla, X? ¿Tu preciada ""justicia""? ¿Solamente eso?",
MANTIS6,Dark Mantis... Your actions are those of a Maverick!,Dark Mantis... Suas ações são as de um Maverick!,Dark Mantis... ¡Tus acciones son las de un Maverick!,
MANTIS7,"Not surprisingly, you old style Reploids really don't understand a thing.",Vocês Reploids antigos realmente não entendem coisa alguma.,"Como era de esperar, los Reploids de estilo antiguo realmente no entienden nada.",
MANTIS8,"Let my blade show you how misguided your so called ""justice"" really is!","Minha lâmina vai te mostrar o quão falha sua ""justiça"" realmente é!",¡Deja que mi espada te muestre lo equivocada que es tu supuesta 'justicia'!,
,,,,
PANDA1,Did you know that the earliest form of rocketry was missiles used for war?,"Diga-me, X... Sabias tu que os primeiros motores de propulsão foram criados para mísseis a serem usados em guerra?",¿Sabías que la forma más temprana de cohetería eran misiles usados para la guerra?,
PANDA2,All of history has been spent making things whose sole purpose is to destroy. Missiles... Reploids...,O percurso da história encontra-se marcado de criações cujo único propósito é a destruição. Mísseis... Reploids...,Toda la historia se ha pasado fabricando cosas cuyo único propósito es destruir. Misiles... Reploides...,
PANDA3,What are you talking about? No Reploid wishes for destruction.,Do que você está falando? Nenhum Reploid deseja destruição.,¿De qué estás hablando? Ningún Reploide desea la destrucción.,
PANDA4,"You mean to tell me you've never thought such things yourself, X?","Então dizes tu que nunca pensastes estas coisas por ti mesmo, X?","¿Quieres decirme que nunca has pensado esas cosas tú mismo, X?",
PANDA5,That this world wishes for destruction and nothing more?,Que este mundo almeja apenas destruição e nada mais?,¿Que este mundo desea la destrucción y nada más?,
PANDA6,Is that what Sigma believes? But... That's...,Isso é o que Sigma acredita? Mas isso é...,¿Es eso lo que Sigma cree? Pero... Eso...,
PANDA7,I know what you are going to say. ,Prevejo o que estás prestes a expressar.,Sé lo que vas a decir.,
PANDA8,"You think that idea to be Maverick, don't you?","Presumes que esta concepção é algo naturalmente Maverick, estou certo?","Piensas que esa idea es ser Maverick, ¿verdad?",
PANDA9,"That's why we are forced to fight, you see.",Precisamente por este motivo somos obrigados a lutar.,Es por eso que estamos obligados a luchar.,
,,,,
ROOSTER1,"Do you know what this place is, X?","Sabe que lugar é esse, X?","¿Sabes qué es este lugar, X?",
ROOSTER2,It's the borderline waste disposal center. Where garbage is pressurized and burned...,Aqui é o centro de descartes. Onde o lixo é compactado e incinerado...,Es el centro de eliminación de residuos en la frontera. Donde la basura es presurizada y quemada...,
ROOSTER3,"Burn Rooster, why have you started a riot? Is Sigma controlling you?","Burn Rooster, por que você iniciou uma revolta? Por acaso Sigma está lhe controlando?","Burn Rooster, ¿por qué has comenzado un motín? ¿Sigma te está controlando?",
ROOSTER4,This is no ordinary riot. This is revenge for all the Reploids you labeled Maverick and threw onto this scrap heap!,Essa não é uma revolta qualquer. Isso é uma vingança em nome de todos os que você chamou de Maverick e atirou aqui!,Esto no es un motín ordinario. ¡Esto es venganza por todos los Reploides que etiquetaste como Maverick y arrojaste a este montón de chatarra!,
ROOSTER5,Mavericks bring only disaster and destruction! We have no choice but to stop them!,Mavericks trazem apenas destruição! Não temos escolha a não ser detê-los!,¡Los Mavericks solo traen desastre y destrucción! ¡No tenemos más opción que detenerlos!,
ROOSTER6,This is what you mean when you speak of justice? It's you who should be scrapped!,E você chama isso de justiça? Você é quem deveria ser atirado aqui!,¿Esto es lo que quieres decir cuando hablas de justicia? ¡Deberías ser tú quien sea desechado!,
ROOSTER7,"What does Sigma plan to do? You know, he's just using you. Nothing more!","Acalme-se, Burn Rooster! É Sigma quem está te manipulando! Ele pretende apenas te usar, nada mais!","¿Qué planea hacer Sigma? Sabes, solo te está usando. ¡Nada más!",
ROOSTER8,"Using me? If that's the price I have to pay to bring about the new world, so be it!","Me usando? Se esse é o preço que eu preciso pagar para criar um novo mundo, que assim seja!","¿Usarme? ¡Si ese es el precio que debo pagar para llevar a cabo el nuevo mundo, que así sea!",
ROOSTER9,There's no place for Reploids like you in the new world we will create!,Não existirá lugar para Reploids como você no mundo que vamos criar!,¡No hay lugar para Reploids como tú en el nuevo mundo que crearemos!,
,,,,
SUNFLOWER1,"X... Since you made it this far, you must have figured it out.","X... Se você chegou até aqui, suponho que deve ter entendido o que está acontecendo.","X... Dado que has llegado hasta aquí, debes haberlo descubierto.",
SUNFLOWER2,You must have an inkling as to what we're after here.,Então me diga... O que você acha que estamos buscando?,Debes tener una idea de lo que estamos buscando aquí.,
SUNFLOWER3,"You Mavericks... You're under Sigma's control, aren't you?","Vocês Mavericks... Estão todos sob o controle de Sigma, não é?","Ustedes los Mavericks... Están bajo el control de Sigma, ¿verdad?",
SUNFLOWER4,"Sorry to disappoint, but no one can control us.","Desculpe desapontá-lo, mas ninguém pode nos controlar.","Siento decepcionarte, pero nadie puede controlarnos.",
SUNFLOWER5,"We may not be the good guys, but we're no monsters.","Talvez nós não sejamos os mocinhos, mas com certeza não somos monstros.","Quizás no seamos los buenos, pero no somos monstruos.",
SUNFLOWER6,No one has the right to put a stop to our plans!,Ninguém tem o direito de deter os nossos planos!,¡Nadie tiene derecho a detener nuestros planes!,
,,,,
TRILOBYTE1,Do you realize that the ore we mine here is used in space development?,Você está ciente que o minério que extraimos aqui é usado no desenvolvimento espacial?,¿Te das cuenta de que el mineral que extraemos aquí se utiliza en el desarrollo espacial?,
TRILOBYTE2,Sigma must be behind this! What does he want with these minerals?,"Estou. Me diga, o que Sigma quer com esses minérios?",¡Sigma debe estar detrás de esto! ¿Qué quiere con estos minerales?,
TRILOBYTE3,"Even if I explained, I doubt a brainless Maverick Hunter like yourself could understand.","Tsk. Mesmo que eu explicasse, duvido que um Caçador desmiolado como você conseguisse entender.","Incluso si explicara, dudo que un Cazador de Mavericks sin cerebro como tú pudiera entender.",
TRILOBYTE4,I'll bury you old heaps of junk right here!,Eu vou enterrar essa sua carcaça bem aqui!,¡Te enterraré aquí en estos viejos montones de chatarra!,
,,,,
YETI1,I will not let you get in our way.,Não deixarei você entrar em nosso caminho.,No permitiré que te interpongas en nuestro camino.,
YETI2,Avalanche Yeti! What do you think you're doing?,Avalanche Yeti! O que pensa que está fazendo?,¡Avalanche Yeti!¿Qué crees que estás haciendo?,
YETI3,We no longer considers your world to be ideal. You old model Reploids have no business here.,Seu mundo não é mais considerado ideal para nós. Dê o fora daqui.,Ya no consideramos que tu mundo sea ideal. Los Reploides de modelo antiguo como tú no tienen nada que hacer aquí.,
YETI4,"No way! If we don't repair this system, the world's ecological balance is at risk!","De jeito nenhum! Se não repararmos este sistema, o balanço ecológico do mundo estará ameaçado!","¡De ninguna manera! ¡Si no reparamos este sistema, el equilibrio ecológico del mundo está en peligro!",
YETI5,"Hmpf. It's too late, X. You and your puny Maverick Hunters have lost!","Hmpf. É tarde demais, X. Você e seus amiguinhos Caçadores de Mavericks já eram!","Hmpf. Es demasiado tarde, X. ¡Tú y tus insignificantes Cazadores de Mavericks han perdido!",
,,,,
VILE3-1,Ha ha ha! You're struggling awful hard for a world that's doomed!,Ha ha ha! Você está fazendo um baita esforço por um mundo que já está perdido.,,
VILE3-2,"So, it was Sigma pulling the strings the whole time, wasn't it, Vile?","Então era realmente o Sigma manipulando tudo por trás dos panos, não é, Vile?",,
VILE3-3,"Ha ha ha... Are you starting to finally piece it together, X? ","Ha ha ha... Finalmente começou a juntar as pontas, X?",,
VILE3-4,The Orbital Elevator... the energy... the space minerals... the rocket data... ,O Elevador Orbital... A Energia... Os Minerais... Os mísseis...,,
VILE3-5,The route to space... the thing that's allowed this world to survive this long... is ours!,Tudo aquilo que fez esse mundo sobreviver até agora... é nosso!,,
VILE3-6,"At times like this, how important is your precious term ""Maverick""?","Nessas horas, de que vale o seu querido termo ""Maverick""?",,
VILE3-7,I don't care what you plan to do. I'll put a stop to it no matter what!,"Não me importo com o que você está planejando. Eu vou te impedir, haja o que houver!",,
,,,,
COPYSIGMA1,Sigma!?,Sigma!?,,
COPYSIGMA2,"I shall allow you to call me by that name, for I am indeed Sigma.","Eu permito que me chame por esse nome, pois eu sou Sigma.",,
COPYSIGMA3,You plan to take revenge on every Reploid... Every human... In the entire world?,Você pretende se vingar de todo Reploid... De todo humano... No planeta inteiro?,,
COPYSIGMA4,You're completely mad! I'm putting a stop to this right now!,Você está completamente louco! Eu vou por um fim nisso agora!,,
COPYSIGMA5,Put a stop to what? We already control the moon.,Por um fim em quê? Nós já controlamos a lua.,,
COPYSIGMA6,That old world has decayed and rotted. We will usher in a new world to replace it!,O mundo antigo já apodreceu. Nós criaremos um novo mundo para sucedê-lo!,,
COPYSIGMA7,"But, before that, X, perhaps it's time for our final showdown!","Mas antes disso, X, chegou a hora do nosso embate final!",,
,,,,
VILE4-1,"So, you still refuse to give up your struggle, eh?","Ainda se recusando a desistir, não é?",,
VILE4-2,Are you so blind that you've somehow convinced yourself that hope remains?,Está tão cego que conseguiu se convencer que ainda existe esperança?,,
VILE4-3,"As long as I'm standing, there's hope!","Enquanto eu estiver lutando, existirá esperança!",,
VILE4-4,I'll defeat both you and Sigma!,Derrotarei tanto você quanto Sigma!,,
VILE4-5,Ha ha ha... I suppose it'd be a waste to just destroy you now...,Ha ha ha... Seria um desperdício destruir você agora...,,
VILE4-6,Maybe I'll wait till the last possible moment and have a little fun with this!,Vou me divertir e só acabar com você no último segundo!,,
,,,,
VILEDEFEATED1,"Ha ha ha! C'mon, X! Is that all you've got?","Ha ha ha! Qual é, X! Já acabou?",This dialog has been cut.,
VILEDEFEATED2,"I told you already, X! I will haunt you to the day you die!","Eu já te falei isso antes, X... Vou te perseguir até o dia da sua morte!",,
VILEDEFEATED3,Zero!,Zero!,,
VILEDEFEATED4,"Sorry to keep you waiting, X. How you've been holding up?","Desculpe por te deixar esperando, X. ",,
VILEDEFEATED5,"Zero... Don't you ever get tired of the whole ""justice"" thing?","Zero... Você não se cansa de toda essa coisa de ""justiça""?",,
VILEDEFEATED6,Don't you ever get tired of being Sigma's lap dog?,E você não se cansa de ser um pau-mandado do Sigma?,,
VILEDEFEATED7,"Ha ha ha... How I've missed you, Zero!","Ha ha ha... Senti saudades de você, Zero!",,
VILEDEFEATED8,I won't let Vile hold you any longer. You go ahead and take out Sigma!,Pode deixar que eu cuido do Vile. Siga em frente e derrote Sigma!,,
VILEDEFEATED9,"I'm counting on you, Zero!","Estou contando com você, Zero!",,
VILEDEFEATED10,"And we're all counting on you! Crush them all, X!","E todos estamos contando com você! Acabe com eles, X!",,
,,,,
,,,,
,,,,
SIGMA1,"Welcome, Maverick Hunter. Our meeting was fated. Our destinies come to a head right here, right now. ","Seja bem-vindo, Caçador de Mavericks. Nosso encontro estava fadado a acontecer. Nosso destino se encerra aqui e agora.",,
SIGMA2,"The time has come to usher in a new age. And your destruction, X, is an essential part of it.","Chegou a hora de iniciar uma nova era. Sua destruição, X, é parte essencial para que isso aconteça.",,
SIGMA3,...,...,,
SIGMA4,"Your dedication to what you refer to as ""justice"" is what first got me thinking... ","Sua dedicação para o que você chama de ""justiça"" foi o que me fez refletir...",,
SIGMA5,"I realized the imperfection of this world, and decided I must change it.",Graças a isso eu percebi como este mundo é imperfeito e decidi que eu iria mudá-lo.,,
SIGMA6,"Don't blame me for your insanity, Sigma!","Não me culpe pela sua loucura, Sigma!",,
SIGMA7,"Ha ha ha... it's too late, X. The gears are in motion. There's no turning back now.","Ha ha ha... Já é tarde demais, X. As engrenagens estão girando. Não existe mais volta.",,
SIGMA8,"The new generation Reploids were the ones, X. My children are responsible for all of this...","Os Reploids de nova geração conseguiram, X. Meus filhos são os responsáveis por tudo isto...",,
SIGMA9,Children? What are you talking about!?,Filhos? Do que você está falando?!,,
SIGMA10,The Jakob Project... The program that gave birth to the new generation Reploids... It only happened because of me!,O Projeto Jakob... O programa que deu origem aos Reploids de nova geração... Se deu por minha causa!,,
SIGMA11,Wallow in despair and hopelessness! You are powerless in the face of the ruler of the new world!,Sinta a angústia e o desespero! Você é impotente perante o rei do novo mundo!,,
SIGMA12,"Now, X... You will be destroyed along with the rest of this decayed world!","Agora, X... Você será destruído junto com esse seu mundo decaído!",,
,,,,
SIGMADEFEATED1,Impossible! How... could you... You couldn't...! ,Impossível! Como... você... Não...!,This dialog has been cut.,
SIGMADEFEATED2,Destroy... The old... world... New age...!,Destruir... O mundo... Nova era...!,,
SIGMADEFEATED3,Ahrrgh!,Ahrrgh!,,
,,,,
FINALLUMINE1,"Oh, Lumine! Are you OK?",Lumine! Você está bem?,,
FINALLUMINE2,Am I OK...? Of course.,Se eu estou bem? \nÉ claro que estou.,,
FINALLUMINE3,"Now that you you've defeated Sigma, I supose you're satisfied.",Imagino que esteja satisfeito agora que derrotou Sigma.,,
FINALLUMINE4,"But you see, he merely helped my plan along...",Mas ele apenas contribuiu com meu plano...,,
FINALLUMINE5,The new generation Reploids have been awakened and the new world is at hand!,Nós Reploids de nova geração despertamos e o novo mundo está próximo!,,
FINALLUMINE6,Lumine! What are you doing!?,Lumine! O que está dizendo!?,,
FINALLUMINE7,"Don't tell me you've gone Maverick, too...",Não me diga que você também se tornou Maverick...,,
FINALLUMINE8,"Maverick? You know that's not the case, X.","Maverick? Você sabe que este não é o caso, X...",,
FINALLUMINE9,That's why you are hesitating. You don't have it in you...,É por isso que você está hesitando em lutar.,,
FINALLUMINE10,...!,...!,,
FINALLUMINE11,Old models like you have to worry if your actions are truly your own. ,Reploids antigos como você tem que se preocupar se suas ações são realmente suas.,,
FINALLUMINE12,Who knows what might be influencing you at this very moment?,Quem sabe o que está te controlando neste exato momento?,,
FINALLUMINE13,"However, we new generation Reploids were built using data derived from hundreds of old model Repolids. ","Porém, nós Reploids de nova geração fomos construídos de forma a ser imune a qualquer tipo de vírus.",,
FINALLUMINE14,"That's what grants us total immunity to all viruses. We can act how we choose, as it guarantees our own free will!",Isso garante nosso livre arbítrio. Cada uma de nossas ações foi escolhida por nós mesmos!,,
FINALLUMINE15,And that might include acting as Sigma once did before us... Do you understand what I'm getting at here?,"Isso inclui agir como Sigma agiu antes de nós... Entende onde quero chegar, X?",,
FINALLUMINE16,No Reploid would choose to be insane like Sigma!,Nenhum Reploid escolheria ser insano como Sigma!,,
FINALLUMINE17,"Think about it, X... \nWas Sigma really crazy?","Pense um pouco, X... \nSigma era realmente louco?",,
FINALLUMINE18,...,...,,
FINALLUMINE19,"Yes, he rebelled against your world. Perhaps due to a virus.","Sim, ele declarou guerra ao seu mundo. Devido a um vírus? Talvez.",,
FINALLUMINE20,"Even so, his struggle showed all of us how this world is rotten!","Mesmo assim, ele mostrou a todos o quanto o seu mundo está podre!",,
FINALLUMINE21,Humans using Reploids to perpetuate their accursed cycle of aggression...,Humanos usando Reploids para perpetuar um terrível ciclo de violência...,,
FINALLUMINE22,That's why our decision to wage battle against the old world was made consciously.,Por isso nós conscientemente tomamos a decisão de lutar contra este seu mundo.,,
FINALLUMINE23,In other words...,Em outras palavras...,,
FINALLUMINE24,We possess the power to go Maverick at will!,Nós podemos escolher nos tornar Maverick!,,
FINALLUMINE25,...!,...!,,
FINALLUMINE26,X... Do you really have what it takes to stop us?,X... Você acha que tem o que é preciso para nos deter?,,
FINALLUMINE27,You're merely a tool of the humans. Nothing but a tool of the old world...,Você é só uma ferramenta dos humanos. Nada mais do que isso.,,
FINALLUMINE28,And you think you can stand up to those of us who have evolved this far?,"Pensa que pode enfrentar a nós, que evoluímos a esse ponto?",,
FINALLUMINE29,Ha ha...! Don't make me laugh...,Ha ha...! Não me faça rir...,,
FINALLUMINE30,The world is changing! It's only natural that evolution take it's course!,O mundo está mudando! A evolução está tomando seu curso!,,
FINALLUMINE31,"Now, line up to be exterminated!",Agora prepare-se para ser exterminado!,,
FINALLUMINE32,Lumine... I can't help but treat you as an enemy!,Lumine... Não tenho escolha a não ser te tratar como inimigo!,,
FINALLUMINE33,Enemy... Ally... This issue isn't so black and white.,Inimigo... Aliado... Esse assunto não é tão preto e branco assim.,,
FINALLUMINE34,"Reploids, along with humanity, have irrevocably changed.",Humanos e Reploids mudaram e não há como voltar atrás.,,
FINALLUMINE35,The nature of their existence has also changed...,A natureza de sua existência também mudou...,,
FINALLUMINE36,And you are not needed in our new world!,Você não é mais necessário em nosso novo mundo!,,
,,,,
ENDING1-2,Unbelievable...,Inacreditável...,,
ENDING1-3,You may have defeated me... But it's too late to stop what's already begun...,"Você pode ter me derrotado, X... Mas já é tarde demais para parar o que começamos...",,
ENDING1-4,Ha ha ha... I can see you've started to realize the situation...,Ha ha ha... Eu consigo ver em seu rosto que você percebeu...,,
ENDING1-5,"This won't end with me, X... I can assure you that...","Isso não vai terminar comigo, X... Outros virão...",,
ENDING1-6,...,...,,
ENDING1-7,Ugh! I can’t stand this pain anymore... Just... Make it quick...,Agh! Não aguento mais essa dor..  Acabe... Logo com isso...,,
,,,,
ENDING2-1,This is X... ,Aqui é o X...,,
ENDING2-2,The enemy... Has been dealt with.,A missão... foi concluída.,,
ENDING2-3,I’m headed back now... ,Estou retornando agora... ,,
ENDING2-4,Roger... ,Entendido... ,,
,,,,
ENDING3-1,I bet you've been thinking about what Lumine was saying a while ago...,Aposto que você está pensando no que Lumine falou agora a pouco...,This dialog has been cut.,
ENDING3-2,"""Awakening""... That's how Lumine described it.","""Despertar""... Foi como Lumine descreveu.",,
ENDING3-3,He said this was evolution... That they were acting on their own free will...,Ele disse que era evolução... Que eles escolheram agir como agiram...,,
ENDING3-4,If he's right... Then what are we doing...?,Se isso for verdade... Então o que é que estamos fazendo?,,
ENDING3-5,Don't let it get to you.,Não deixe isso lhe subir a cabeça.,,
ENDING3-6,Just becoming Sigma could hardly be called evolution.,Agir como Sigma mal dá pra ser chamado de evolução.,,
ENDING3-7,From what he said... Sigma won't be coming back.,"Se o que Lumine disse for verdade, Sigma não vai voltar.",,
ENDING3-8,From now on we will be fighting not only Mavericks...,"A partir de agora, não lutaremos apenas com Mavericks...",,
ENDING3-9,But also Reploids who honestly believe they are right in their views.,"Mas também contra Reploids igual a nós, apenas com pensamentos diferentes.",,
ENDING3-10,X... ,X... ,,
ENDING3-11,Even if we Reploids are destined to join the scrap heap when that evolutionary step does come about...,Mesmo que nós estejamos destinados a virar sucata quando essa suposta evolução acontecer...,,
ENDING3-12,We still have to fight.,Nós ainda temos que lutar.,,
ENDING3-13,"Not only against Mavericks, but against our own destiny as well.","Não apenas contra Mavericks, mas também contra o nosso destino.",,
ENDING3-14,...,...,,
,,,,
,,,,
,,,,
,,,,
INTRO1-1,"In the year 21XX, the endless Maverick rebellions continue.",,This dialog has been potentially cut?,
INTRO1-2,"Humans however have begun migration to the moon, thanks to new technology.",,,
INTRO1-3,"This plan is called the ""Jakob Project"" and an Orbital Elevator was built as part of it.",,,
INTRO1-4,Highly advanced new generation Reploids have been brought to the moon's surface to work.,,,
INTRO1-5,"However, a sudden accident is bound to change the destiny of all involved...",,,
,,,,
INTRO2-1,This is X! I'm close to the site of the accident near the Orbital Elevator!,Aqui é o X! Estou próximo do local do acidente do Elevador Orbital!,,
INTRO2-2,The place is crawling with Mavericks! ,As redondezas estão infestadas de Mavericks!,,
INTRO2-3,I'll make my way to the site. Get ready to send rescue mechaniloids on my signal!,Vou abrir caminho até lá. Se preparem para mandar o resgate ao meu sinal!,,
INTRO2-4,Roger!,Entendido!,,
INTRO2-5,S-Sigma...!?,S-Sigma...!?,,
INTRO2-6,To protect ourselves from damage during the accident...,Para nos proteger de danos durante o acidente... ,,
INTRO2-7,We had to copy a sturdy Sigma body.,Tivemos que copiar um corpo resistente como o de Sigma.,,
INTRO2-8,We new generation Reploids enjoy complete and total immunity to all viruses.,Nós Reploids de nova geração somos completamente imunes a qualquer tipo de vírus.,,
INTRO2-9,So even copying something as dangerous as Sigma provides no risk.,Então copiar algo tão perigoso quanto Sigma não traz risco algum.,,
INTRO2-10,Who are you?,Quem é você?,,
INTRO2-11,I'm Lumine... ,Me chamo Lumine... ,,
INTRO2-12,I'm the director in charge of the elevator and the Jakob Project.,Sou responsável pelo elevador e pelo Projeto Jakob.,,
INTRO2-13,"I see. Hold tight, I'll signal my team to send in the rescue-","Entendo. Aguentem firme, vou sinalizar minha equipe para que-",,
,,,,
INTRO3-1,"How nice to see you again, X!","É muito bom te ver de novo, X!",,
INTRO3-2,Vile?!,Vile?!,,
INTRO3-3,"Ha ha ha... I'd love to stay and play with you, but I'm afraid I have too much work to do...","Ha ha ha... Eu adoraria brincar com você, mas tenho trabalho a fazer... ",,
INTRO3-4,You're a wanted criminal! Stop and let Lumine go!,Você é um criminoso procurado! Pare e liberte Lumine!,,
INTRO3-5,Not a chance. The Orbital Elevator is under our control now...,Sem chance. O Elevador Orbital está sob nosso controle agora... ,,
INTRO3-6,Just what do you plan to do?!,O que é que você está planejando?!,,
INTRO3-7,"It begins now, X... \nA new world will be born! \nHa ha ha!","Tudo começa agora, X... \nUm novo mundo está nascendo! Ha ha ha!",,
,,,,
SECRET2-1,"Welcome, Mega Man X. I've been waiting for you.","Bem vindo, Mega Man X. Estive a sua espera.",,
SECRET2-2,You are different from anyone I've faced before...,Você é diferente de qualquer um que já enfrentei...,,
SECRET2-3,You exude an aura of peace and mercy. Who are you?,Você erradia uma aura de paz e misericórdia. Quem é você?,,
SECRET2-4,How keen of you to notice this so soon. ,Muito perspicaz da sua parte notar meus traços.,,
SECRET2-5,I am Serenade. ,Me chamo Serenade.,,
SECRET2-6,You mentioned I'm different from others you faced before?,Você mencionou que sou diferente de outros que já enfrentou?,,
SECRET2-7,That is because of my overwhelming power. ,Isso se dá devido ao meu incrível poder.,,
SECRET2-8,Overwhelming...?,Incrível...?,,
SECRET2-9,Correct. I've been training to be stronger ever since I lost the title of UnderKing.,Correto. Estive treinando para me tornar mais forte desde que perdi o título de UnderKing.,,
SECRET2-10,For twenty years I've been amassing power. Now I've choosen you to test my strength against.,Por vinte anos estive acumulando poder e escolhi você para testar minha força.,,
SECRET2-11,"Serenade, was it? Hmm...","Serenade, não é? Hmm...",,
SECRET2-12,"Okay, I accept your duel!","Certo, eu aceito seu duelo!",,
SECRET2-13,"Then, come to me...","Então, que assim seja...",,
,,,,
SECRET2-14,I honestly thought I was strong enough to defeat you. I was wrong.,Eu sinceramente pensei que poderia derrota-lo. Eu estava errado.,,
SECRET2-15,"The kindness, love and respect that you possess in your heart makes you even more powerful.","A compaixão, o amor e o respeito que você possui em seu coração o fazem poderoso.",,
SECRET2-16,You fought this duel beautifully. You really are the strongest robot in this world. ,Você lutou bravamente. De fato você é o robô mais poderoso deste mundo.,,
SECRET2-17,I wish I had something to reward you. The best I can offer you are my thanks.,Infelizmente não tenho nada para lhe recompensar além dos meus agradecimentos.,,
SECRET2-18,"Mega Man X. We shall meet again, in some other place...","Mega Man X. Nos encontraremos de novo, em algum outro lugar...",,
SECRET2-19,"For now, farewell!","Por enquanto, adeus!",,
,,,,
ACHIEV_ABV,Achiev,Conqst,,
ACHIEV_SCREEN_TITLE,Achievements,Conquistas,,
ACHIEVEMENTSUNLOCKED,Achievements Earned,Conquistas Desbloqueadas,,
,,,,
DEBUGACHIEVTITLE,Locked Achievement…,Conquista Bloqueada…,,
DEBUGACHIEVDISC,Used DebugMode.,Usou Modo Debug.,,
,,,,
BEATINTRO_TITLE,Good To See You Again,,,
BEATINTRO_DISC,Defeated the Intro Stage Boss.,Derrotou o Boss da Fase Inicial.,,
ANTONIONBUSTERONLY_TITLE,Don't Attach Labels to Me,,,
ANTONIONBUSTERONLY_DISC,Defeated Gravity Antonion without using special weapons.,Derrotou Gravity Antonion sem usar armas especiais.,,
ANTONIONNAKED_TITLE,Not After Praise,,,
ANTONIONNAKED_DISC,Defeated Gravity Antonion without equipping any upgrades.,Derrotou Gravity Antonion sem equipar nenhuma melhoria.,,
ANTONIONNODAMAGE_TITLE,An Incredible Scientist,,,
ANTONIONNODAMAGE_DISC,Defeated Gravity Antonion without taking damage.,Derrotou Gravity Antonion sem tomar dano.,,
ANTONIONNOROTATION_TITLE,Portal,,,
ANTONIONNOROTATION_DISC,Reached the end of Primrose without rotating the Stage.,Chegou ao final do Laboratório Primula sem girar a fase.,,
COLLECTALLHEARTS_TITLE,Strider,,,
COLLECTALLHEARTS_DISC,Collected all Heart Tanks.,Coletou todos os Corações.,,
COLLECTALLSUBTANKS_TITLE,Virtue's Last Reward,,,
COLLECTALLSUBTANKS_DISC,Collected All Sub Tanks.,Coletou todos os Sub Tanks.,,
COLLECTFULLHERMES_TITLE,Soul Eraser,,,
COLLECTFULLHERMES_DISC,Collected All Hermes Parts.,Coletou todas as partes da Hermes,,
COLLECTFULLICARUS_TITLE,Command Mission,,,
COLLECTFULLICARUS_DISC,Collected All Icarus Parts.,Coletou todas as partes da Icarus.,,
COPYBUSTERONLY_TITLE,Your World Has Decayed,,,
COPYBUSTERONLY_DISC,Defeated the Impostor without using special weapons.,Derrotou o Impostor sem usar armas especiais.,,
COPYDEFEATED_TITLE,Time for our Final Showdown,,,
COPYDEFEATED_DISC,Defeated the Impostor.,Derrotou o Impostor.,,
COPYNAKED_TITLE,Put a Stop to What?,,,
COPYNAKED_DISC,Defeated the Impostor without equipping any upgrades.,Derrotou o Impostor sem equipar nenhuma melhoria.,,
COPYNODAMAGE_TITLE,I Am Indeed Sigma,,,
COPYNODAMAGE_DISC,Defeated the Impostor without taking damage.,Derrotou o Impostor sem tomar dano.,,
DEFEATEDALL_TITLE,The Orbital Elevator,,,
DEFEATEDALL_DISC,Defeated all eight Maverick Bosses.,Derrotou os oito Mavericks.,,
DEFEATEDANY_TITLE,New Generation Reploids,,,
DEFEATEDANY_DISC,Defeated any of the Maverick Bosses.,Derrotou qualquer um dos Bosses.,,
GATEWAYFIESTA_TITLE,Desperados,,,
GATEWAYFIESTA_DISC,Survived through the hardest challenge in Gateway.,Sobreviveu ao desafio mais difícil do Satélite de Acesso.,,
GIGACRUSHKILL_TITLE,Cataclysm,,,
GIGACRUSHKILL_DISC,Finished a Boss with Gigacrush.,Finalizou um Boss usando o Gigacrush.,,
LUMINENAKED_TITLE,I Supose You're Satisfied,,,
LUMINENAKED_DISC,Defeated the Final Boss without equipping any upgrades.,Derrotou o Boss Final sem equipar nenhuma melhoria.,,
LUMINENODAMAGE_TITLE,Of Course I'm Ok,,,
LUMINENODAMAGE_DISC,Defeated the Final Boss without taking damage.,Derrotou o Boss Final sem tomar dano.,,
MANOWARDOOREXPLODED_TITLE,Gotta Go Fast,,,
MANOWARDOOREXPLODED_DISC,Broke your way through Dynasty.,Destruiu a segunda porta em Usina Dinastia.,,
MANOWARBUSTERONLY_TITLE,I'm In Complete Control,,,
MANOWARBUSTERONLY_DISC,Defeated Gigabolt Manowar without using special weapons.,Derrotou Gigabolt Manowar sem usar armas especiais.,,
MANOWARNAKED_TITLE,"Who Are You, Anyway?",,,
MANOWARNAKED_DISC,Defeated Gigabolt Manowar without equipping any upgrades.,Derrotou Gigabolt Manowar sem equipar nenhuma melhoria.,,
MANOWARNODAMAGE_TITLE,Not Doing Anything Wrong,,,
MANOWARNODAMAGE_DISC,Defeated Gigabolt Manowar without taking damage.,Derrotou Gigabolt Manowar sem tomar dano.,,
MANTISBUSTERONLY_TITLE,Let My Blade Show You,,,
MANTISBUSTERONLY_DISC,Defeated Dark Mantis without using special weapons.,Derrotou Dark Mantis sem usar armas especiais.,,
MANTISLIT_TITLE,Shining In The Darkness,,,
MANTISLIT_DISC,Put an end to the darkness in Pitch Black.,Pôs um fim a escuridão do Arsenal Soturno.,,
MANTISNAKED_TITLE,"Can't Go Maverick, Kid",,,
MANTISNAKED_DISC,Defeated Dark Mantis without equipping any upgrades.,Derrotou Dark Mantis sem equipar nenhuma melhoria.,,
MANTISNODAMAGE_TITLE,Your Precious 'Justice',,,
MANTISNODAMAGE_DISC,Defeated Dark Mantis without taking damage.,Derrotou Dark Mantis sem tomar dano.,,
PANDABUSTERONLY_TITLE,Sole Purpose To Destroy,,,
PANDABUSTERONLY_DISC,Defeated Bamboo Pandamonium without using special weapons.,Derrotou Bamboo Pandamonium sem usar armas especiais.,,
PANDANAKED_TITLE,We Are Forced To Fight,,,
PANDANAKED_DISC,Defeated Bamboo Pandamonium without equipping any upgrades.,Derrotou Bamboo Pandamonium sem equipar nenhuma melhoria.,,
PANDANODAMAGE_TITLE,Never Thought Yourself?,,,
PANDANODAMAGE_DISC,Defeated Bamboo Pandamonium without taking damage.,Derrotou Bamboo Pandamonium sem tomar dano.,,
PANDARIDEREACHED_TITLE,Probotector,,,
PANDARIDEREACHED_DISC,Reached the end of Booster Forest with the Cyclops.,Chegou ao final da Floresta Ergânica com a Cyclops.,,
PELEDOSGAMES_TITLE,Athlete of the Century,Pelé dos Games,,
PELEDOSGAMES_DISC,Juggled the Armor well after beating the Boss.,Cabeceou a Armadura bem depois de derrotar o Boss.,,
PERFECTKILL_TITLE,Mark of the Wolves,,,
PERFECTKILL_DISC,"Defeated any Boss without using special weapons, without taking damage and without upgrades.","Derrotou qualquer Boss sem usar armsa especiais, sem melhorias e sem tomar dano.",,
ROOSTERBUSTERONLY_TITLE,The Price I Have To Pay,,,
ROOSTERBUSTERONLY_DISC,Defeated Burn Rooster without using special weapons.,Derrotou Burn Rooster sem usar armas especiais.,,
ROOSTERFROZEN_TITLE,Hades,,,
ROOSTERFROZEN_DISC,Stopped the Lava Wall at Inferno.,Parou a lava em Incinerador Inferno,,
ROOSTERNAKED_TITLE,Labeled Maverick,,,
ROOSTERNAKED_DISC,Defeated Burn Rooster without equipping any upgrades.,Derrotou Burn Rooster sem equipar nenhuma melhoria.,,
ROOSTERNODAMAGE_TITLE,This Is No Ordinary Riot,,,
ROOSTERNODAMAGE_DISC,Defeated Burn Rooster without taking damage.,Derrotou sem tomar dano.,,
SECRET2DEFEATED_TITLE,Cycle of the Six Existences,Ciclo das Seis Existências,,
SECRET2DEFEATED_DISC,Defeated Secret Boss #2.,Derrotou o Boss Secreto #2.,,
SERAPHDEFEATED_TITLE,Tools of the Old World,,,
SERAPHDEFEATED_DISC,Beat the game.,Finalizou o jogo.,,
,,,,
SERAPHNAKED_TITLE,Do You Have What it Takes?,,,
SERAPHNAKED_DISC,Defeated the Second Phase without equipping any upgrades.,Derrotou a Segunda Fase sem equipar nenhuma melhoria.,,
SERAPHNODAMAGE_TITLE,Accursed Cycle of Aggression,,,
SERAPHNODAMAGE_DISC,Defeated the Second Phase without taking damage.,Derrotou a Segunda Fase sem tomar dano.,,
SIGMANAKED_TITLE,Ruler of the New World,,,
SIGMANAKED_DISC,Defeated Sigma without equipping any upgrades.,Derrotou Sigma sem equipar nenhuma melhoria.,,
SIGMANODAMAGE_TITLE,Our Meeting was Fated,,,
SIGMANODAMAGE_DISC,Defeated Sigma without taking damage.,Derrotou Sigma sem tomar dano.,,
SUNFLOWERBUSTERONLY_TITLE,No One Can Control Us,,,
SUNFLOWERBUSTERONLY_DISC,Defeated Optic Sunflower without using special weapons.,Derrotou Optic Sunflower sem usar armas especiais.,,
SUNFLOWERGOTSSSRANK_TITLE,Gravity Circuit,,,
SUNFLOWERGOTSSSRANK_DISC,Got S Rank in all challenges in a single run.,Conseguiu Rank S em todos os desafios de uma vez só.,,
SUNFLOWERNAKED_TITLE,We're No Monsters,,,
SUNFLOWERNAKED_DISC,Defeated Optic Sunflower without equipping any upgrades.,Derrotou Optic Sunflower sem equipar nenhuma melhoria.,,
SUNFLOWERNODAMAGE_TITLE,What We're After,,,
SUNFLOWERNODAMAGE_DISC,Defeated Optic Sunflower without taking damage.,Derrotou Optic Sunflower sem tomar dano.,,
SURFEDONMISSILE_TITLE,Bomb Rush Cyberfunk,,,
SURFEDONMISSILE_DISC,Surfed through the skies for 6 seconds.,Surfou os céus por 6 segundos.,,
TRILOBYTEBUSTERONLY_TITLE,The Ore We Mine,,,
TRILOBYTEBUSTERONLY_DISC,Defeated Earthrock Trilobyte without using special weapons.,Derrotou Earthrock Trilobyte sem usar armas especiais.,,
TRILOBYTENAKED_TITLE,Old Heaps of Junk,,,
TRILOBYTENAKED_DISC,Defeated Earthrock Trilobyte without equipping any upgrades.,Derrotou Earthrock Trilobyte sem equipar nenhuma melhoria.,,
TRILOBYTENODAMAGE_TITLE,Brainless Maverick Hunter,,,
TRILOBYTENODAMAGE_DISC,Defeated Earthrock Trilobyte without taking damage.,Derrotou Earthrock Trilobyte sem tomar dano.,,
VILEDEFEATEDTWICE_TITLE,Our Little Reunion,,,
VILEDEFEATEDTWICE_DISC,Defeated Vile twice.,Derrotou Vile duas vezes.,,
VILEDEVILBEARDEFEATED_TITLE,Steel Assault,,,
VILEDEVILBEARDEFEATED_DISC,Defeated Devil Bear before finishing the battle.,Derrotou Devil Bear antes de terminar a luta.,,
VILEJAKOBBUSTERONLY_TITLE,Piecing it Together,,,
VILEJAKOBBUSTERONLY_DISC,Defeated Vile without using special weapons.,Derrotou Vile sem usar armas especiais.,,
VILEJAKOBDEFEATED_TITLE,The Route To Space,,,
VILEJAKOBDEFEATED_DISC,Defeated Vile at the top of the Orbital Elevator.,Derrotou Vile no topo do Elevador Orbital.,,
VILEJAKOBNAKED_TITLE,For a World that's Doomed,,,
VILEJAKOBNAKED_DISC,Defeated Vile without equipping any upgrades.,Derrotou Vile sem equipar nenhuma melhoria.,,
VILEJAKOBNODAMAGE_TITLE,At Times Like This,,,
VILEJAKOBNODAMAGE_DISC,Defeated Vile without taking damage.,Derrotou Vile sem tomar dano.,,
VILESIGMADEFEATED_TITLE,Hope Remains,,,
VILESIGMADEFEATED_DISC,Defeated Vile at Sigma Palace.,Derrotou Vile no Palácio de Sigma.,,
XDRIVEDODGE_TITLE,Mark of the Ninja,,,
XDRIVEDODGE_DISC,Used XDrive during a Desperation Attack.,Usou o XDrive durante um Ataque Desespero.,,
YETIBUSTERONLY_TITLE,It's Too Late,,,
YETIBUSTERONLY_DISC,Defeated Avalanche Yeti without using special weapons.,Derrotou Avalanche Yeti sem usar armas especiais.,,
YETIDOOREXPLODED_TITLE,Sonic Drive,,,
YETIDOOREXPLODED_DISC,Broke your way through Central White.,Destruiu a primeira porta na Central Ala.,,
YETINAKED_TITLE,You Old Model Reploids,,,
YETINAKED_DISC,Defeated Avalanche Yeti without equipping any upgrades.,Derrotou Avalanche Yeti sem equipar nenhuma melhoria.,,
YETINODAMAGE_TITLE,Puny Maverick Hunter,,,
YETINODAMAGE_DISC,Defeated Avalanche Yeti without taking damage.,Derrotou Avalanche Yeti sem tomar dano.,,
MANTISUNDETECTED_TITLE,Shadow Tactics,,,
MANTISUNDETECTED_DISC,Avoided all Seachlights in Pitch Black.,Não foi detectado pelas luzes em Arsenal Soturno.,,
SECRET1DEFEATED_TITLE,Corridors of Time,,,
SECRET1DEFEATED_DISC,Defeated the Secret Boss.,Derrotou o Boss Secreto.,,
SECRET3DEFEATED_TITLE,Dual Destinies,,,
SECRET3DEFEATED_DISC,Defeated Secret Boss #3.,Derrotou o Boss Secreto #3.,,
,,,,
,,,,
,,,,
,,,,
,,,,
,,,,
,,,,
,,,,
SECRET3-1,"Finally, I've acquired it. This data contains information on all currently wanted criminals...",Finalmente consegui. Esses dados contém informações de inúmeros criminosos...,,
SECRET3-2,"You, freeze. This area is restricted to S Class Hunters, as is that data! Hand it over and come quietly!","Você, parado aí. Esta área é de acesso exclusivo dos Caçadores. Entregue-se agora!",,
SECRET3-3,"I know how this looks like, but fret not, X.","Sei o que isso parece, mas não se esquente, X.",,
SECRET3-4,"My name is Red. I've learned that you have been struggling with these recent events, so I decided to... help. ",Meu nome é Red. Fiquei sabendo que as coisas andam meio complicadas pra vocês e decidi... Ajudar.,,
SECRET3-5,"With this, we'll be able to start our own Maverick hunting and take some load off your shoulders... For a price, of course.","Com estes dados, poderemos começar a caçar Mavericks por nós mesmos... Em troca de uma grana, é claro.",,
SECRET3-6,Sounds more like you're a filthy bounty hunter.,Você não passa de um caçador de recompensas.,,
SECRET3-7,You are free to think whatever you want. I'm not backing down... Get Ready!,"Pense o que quiser, eu não vou recuar agora. Prepare-se!",,
,,,,
SECRET3-8,Not bad... \nFor an old timer...,Nada mau... Para um velhote...,,
